{"textures":{"1":"modelengine:entity/obj_portal_sanctuary","particle":"#1"},"elements":[{"from":[-3.6628227,17.709906,10.62654],"to":[4.67051,20.04324,12.62654],"faces":{"east":{"uv":[10.5625,11.4375,10.9375,11.0],"tintindex":0,"rotation":0,"texture":"#1"},"south":{"uv":[6.625,5.4375,8.1875,5.0],"tintindex":0,"rotation":0,"texture":"#1"},"north":{"uv":[6.625,5.4375,8.1875,5.0],"tintindex":0,"rotation":0,"texture":"#1"},"west":{"uv":[10.5625,11.4375,10.9375,11.0],"tintindex":0,"rotation":0,"texture":"#1"},"up":{"uv":[3.125,7.5625,1.5625,7.1875],"tintindex":0,"rotation":0,"texture":"#1"},"down":{"uv":[3.125,7.5625,1.5625,7.1875],"tintindex":0,"rotation":0,"texture":"#1"}},"rotation":{"origin":[9.30144,16.876572,8.10288],"angle":-22.5,"axis":"y"}},{"from":[12.433887,10.982801,5.2695465],"to":[22.767221,13.316134,7.2695465],"faces":{"east":{"uv":[10.125,11.0,10.5,11.4375],"tintindex":0,"rotation":0,"texture":"#1"},"south":{"uv":[8.5625,5.0,6.625,5.4375],"tintindex":0,"rotation":0,"texture":"#1"},"north":{"uv":[6.625,5.0,8.5625,5.4375],"tintindex":0,"rotation":0,"texture":"#1"},"west":{"uv":[10.5625,11.0,10.9375,11.4375],"tintindex":0,"rotation":0,"texture":"#1"},"up":{"uv":[3.3125,7.5625,1.375,7.1875],"tintindex":0,"rotation":0,"texture":"#1"},"down":{"uv":[3.3125,7.1875,1.375,7.5625],"tintindex":0,"rotation":0,"texture":"#1"}},"rotation":{"origin":[9.30144,16.876572,8.10288],"angle":22.5,"axis":"z"}},{"from":[-4.0589333,2.1702828,4.936213],"to":[-1.0589333,12.170283,6.9362135],"faces":{"east":{"uv":[5.0625,1.875,4.6875,0.0],"tintindex":0,"rotation":0,"texture":"#1"},"south":{"uv":[1.375,1.875,1.9375,0.0],"tintindex":0,"rotation":0,"texture":"#1"},"north":{"uv":[1.375,1.875,1.9375,0.0],"tintindex":0,"rotation":0,"texture":"#1"},"west":{"uv":[5.0625,1.875,4.6875,0.0],"tintindex":0,"rotation":0,"texture":"#1"},"up":{"uv":[9.8125,10.5,10.4375,10.0],"tintindex":0,"rotation":0,"texture":"#1"},"down":{"uv":[10.0625,0.0,10.6875,0.5],"tintindex":0,"rotation":0,"texture":"#1"}},"rotation":{"origin":[-2.5589333,7.170283,5.9362135],"angle":-22.5,"axis":"z"}},{"from":[-4.4691534,14.709906,6.9061766],"to":[3.8641796,17.04324,8.906177],"faces":{"east":{"uv":[10.9375,11.4375,10.5625,11.0],"tintindex":0,"rotation":0,"texture":"#1"},"south":{"uv":[8.1875,5.4375,6.625,5.0],"tintindex":0,"rotation":0,"texture":"#1"},"north":{"uv":[8.1875,5.4375,6.625,5.0],"tintindex":0,"rotation":0,"texture":"#1"},"west":{"uv":[10.9375,11.4375,10.5625,11.0],"tintindex":0,"rotation":0,"texture":"#1"},"up":{"uv":[3.125,7.1875,1.5625,7.5625],"tintindex":0,"rotation":0,"texture":"#1"},"down":{"uv":[3.125,7.1875,1.5625,7.5625],"tintindex":0,"rotation":0,"texture":"#1"}},"rotation":{"origin":[-0.30248642,15.876572,7.9061766],"angle":22.5,"axis":"y"}},{"from":[8.978356,17.709906,5.63124],"to":[16.311691,20.04324,7.63124],"faces":{"east":{"uv":[10.5625,11.4375,10.9375,11.0],"tintindex":0,"rotation":0,"texture":"#1"},"south":{"uv":[8.0,5.4375,6.625,5.0],"tintindex":0,"rotation":0,"texture":"#1"},"north":{"uv":[6.625,5.4375,8.0,5.0],"tintindex":0,"rotation":0,"texture":"#1"},"west":{"uv":[10.5625,11.4375,10.9375,11.0],"tintindex":0,"rotation":0,"texture":"#1"},"up":{"uv":[2.9375,7.5625,1.5625,7.1875],"tintindex":0,"rotation":0,"texture":"#1"},"down":{"uv":[2.9375,7.5625,1.5625,7.1875],"tintindex":0,"rotation":0,"texture":"#1"}},"rotation":{"origin":[9.30144,16.876572,8.10288],"angle":-22.5,"axis":"y"}},{"from":[16.545097,-3.032013,7.1829634],"to":[19.211765,4.301319,9.84963],"faces":{"east":{"uv":[4.6875,0.0,5.1875,1.375],"tintindex":0,"rotation":0,"texture":"#1"},"south":{"uv":[1.375,0.0,1.875,1.375],"tintindex":0,"rotation":0,"texture":"#1"},"north":{"uv":[1.375,0.0,1.875,1.375],"tintindex":0,"rotation":0,"texture":"#1"},"west":{"uv":[4.6875,0.0,5.1875,1.375],"tintindex":0,"rotation":0,"texture":"#1"},"up":{"uv":[10.4375,10.0,9.8125,10.5],"tintindex":0,"rotation":0,"texture":"#1"},"down":{"uv":[10.6875,0.5,10.0625,0.0],"tintindex":0,"rotation":0,"texture":"#1"}},"rotation":{"origin":[17.878431,0.63465214,8.516296],"angle":22.5,"axis":"x"}},{"from":[-3.622017,-3.032013,7.1829634],"to":[-0.9553499,4.301319,9.84963],"faces":{"east":{"uv":[5.1875,0.0,4.6875,1.375],"tintindex":0,"rotation":0,"texture":"#1"},"south":{"uv":[1.875,0.0,1.375,1.375],"tintindex":0,"rotation":0,"texture":"#1"},"north":{"uv":[1.875,0.0,1.375,1.375],"tintindex":0,"rotation":0,"texture":"#1"},"west":{"uv":[5.1875,0.0,4.6875,1.375],"tintindex":0,"rotation":0,"texture":"#1"},"up":{"uv":[9.8125,10.0,10.4375,10.5],"tintindex":0,"rotation":0,"texture":"#1"},"down":{"uv":[10.0625,0.5,10.6875,0.0],"tintindex":0,"rotation":0,"texture":"#1"}},"rotation":{"origin":[-2.288683,0.63465214,8.516296],"angle":22.5,"axis":"x"}},{"from":[-4.5184307,2.1702828,9.2695465],"to":[-1.5184307,12.170283,11.2695465],"faces":{"east":{"uv":[4.6875,1.875,5.0625,0.0],"tintindex":0,"rotation":0,"texture":"#1"},"south":{"uv":[1.9375,1.875,1.375,0.0],"tintindex":0,"rotation":0,"texture":"#1"},"north":{"uv":[1.9375,1.875,1.375,0.0],"tintindex":0,"rotation":0,"texture":"#1"},"west":{"uv":[4.6875,1.875,5.0625,0.0],"tintindex":0,"rotation":0,"texture":"#1"},"up":{"uv":[10.4375,10.5,9.8125,10.0],"tintindex":0,"rotation":0,"texture":"#1"},"down":{"uv":[10.6875,0.0,10.0625,0.5],"tintindex":0,"rotation":0,"texture":"#1"}},"rotation":{"origin":[-3.0184307,7.170283,10.2695465],"angle":22.5,"axis":"z"}},{"from":[2.0339737,15.684532,8.9362135],"to":[12.033974,18.017866,10.9362135],"faces":{"east":{"uv":[10.5625,11.0,10.9375,11.4375],"tintindex":0,"rotation":0,"texture":"#1"},"south":{"uv":[6.625,5.0,8.5,5.4375],"tintindex":0,"rotation":0,"texture":"#1"},"north":{"uv":[6.625,5.0,8.5,5.4375],"tintindex":0,"rotation":0,"texture":"#1"},"west":{"uv":[10.5625,11.0,10.9375,11.4375],"tintindex":0,"rotation":0,"texture":"#1"},"up":{"uv":[1.4375,7.5625,3.3125,7.1875],"tintindex":0,"rotation":0,"texture":"#1"},"down":{"uv":[1.4375,7.5625,3.3125,7.1875],"tintindex":0,"rotation":0,"texture":"#1"}},"rotation":{"origin":[7.033973,16.8512,9.9362135],"angle":-22.5,"axis":"z"}},{"from":[-7.9549026,-12.318077,5.2695465],"to":[-4.6215696,0.015255928,5.2695465],"faces":{"south":{"uv":[3.375,0.0,2.75,2.3125],"tintindex":0,"rotation":0,"texture":"#1"},"north":{"uv":[2.75,0.0,3.375,2.3125],"tintindex":0,"rotation":0,"texture":"#1"}},"rotation":{"origin":[-3.4549026,-5.651411,6.60288],"angle":-22.5,"axis":"z"}},{"from":[18.57607,-11.184748,10.6028805],"to":[21.909405,1.1485863,10.6028805],"faces":{"south":{"uv":[3.375,0.0,2.75,2.3125],"tintindex":0,"rotation":0,"texture":"#1"},"north":{"uv":[2.75,0.0,3.375,2.3125],"tintindex":0,"rotation":0,"texture":"#1"}},"rotation":{"origin":[18.378431,4.209906,7.7695465],"angle":-22.5,"axis":"z"}},{"from":[16.545097,9.53316,7.53304],"to":[18.878431,19.533161,9.53304],"faces":{"east":{"uv":[4.8125,1.875,5.1875,0.0],"tintindex":0,"rotation":0,"texture":"#1"},"south":{"uv":[1.5625,1.9375,2.0,0.0625],"tintindex":0,"rotation":0,"texture":"#1"},"north":{"uv":[1.5625,1.9375,2.0,0.0625],"tintindex":0,"rotation":0,"texture":"#1"},"west":{"uv":[4.8125,1.875,5.1875,0.0],"tintindex":0,"rotation":0,"texture":"#1"},"up":{"uv":[10.4375,10.0,9.8125,10.5],"tintindex":0,"rotation":0,"texture":"#1"},"down":{"uv":[10.0625,0.5,10.6875,0.0],"tintindex":0,"rotation":0,"texture":"#1"}},"rotation":{"origin":[17.711765,14.53316,8.53304],"angle":22.5,"axis":"x"}},{"from":[-4.622017,-12.318077,5.2695465],"to":[-1.2886829,0.015255928,7.9362135],"faces":{"east":{"uv":[5.1875,0.0,4.6875,2.3125],"tintindex":0,"rotation":0,"texture":"#1"},"south":{"uv":[2.0,0.0,1.375,2.3125],"tintindex":0,"rotation":0,"texture":"#1"},"north":{"uv":[2.0,0.0,1.375,2.3125],"tintindex":0,"rotation":0,"texture":"#1"},"west":{"uv":[5.1875,0.0,4.6875,2.3125],"tintindex":0,"rotation":0,"texture":"#1"},"up":{"uv":[9.8125,10.5,10.4375,10.0],"tintindex":0,"rotation":0,"texture":"#1"},"down":{"uv":[10.0625,0.0,10.6875,0.5],"tintindex":0,"rotation":0,"texture":"#1"}},"rotation":{"origin":[-3.4553509,-5.651411,6.60288],