{"textures":{"0":"cosmetics:entity/wings_enderdragon/dragon"},"elements":[{"faces":{"north":{"uv":[11.063,5.938,13.063,6.5],"texture":"#0","tintindex":0},"east":{"uv":[11.063,5.938,13.063,6.5],"texture":"#0","tintindex":0},"south":{"uv":[11.063,5.938,13.063,6.5],"texture":"#0","tintindex":0},"west":{"uv":[11.063,5.938,13.063,6.5],"texture":"#0","tintindex":0},"up":{"uv":[11.063,5.938,13.063,6.5],"texture":"#0","tintindex":0},"down":{"uv":[11.063,5.938,13.063,6.5],"texture":"#0","tintindex":0}},"to":[12.60856,6.64635,8.46723],"from":[9.24856,6.36635,8.26723],"rotation":{"angle":0,"axis":"y","origin":[10.9277,6.51275,8.36171]}},{"faces":{"north":{"uv":[8.938,12.5,12.375,15.998],"rotation":180,"texture":"#0","tintindex":0},"east":{"uv":[8.938,12.5,12.375,15.998],"rotation":180,"texture":"#0","tintindex":0},"south":{"uv":[8.938,12.5,12.375,15.998],"rotation":180,"texture":"#0","tintindex":0},"west":{"uv":[8.938,12.5,12.375,15.998],"rotation":180,"texture":"#0","tintindex":0},"up":{"uv":[0,9.063,3.438,12.498],"rotation":270,"texture":"#0","tintindex":0},"down":{"uv":[8.938,12.5,12.375,15.998],"rotation":180,"texture":"#0","tintindex":0}},"to":[12.49424,6.60635,11.27201],"from":[9.25424,6.56635,8.47201],"rotation":{"angle":0,"axis":"y","origin":[10.87424,6.58635,9.87201]}},{"faces":{"north":{"uv":[9.188,12.313,12.625,15.81],"rotation":180,"texture":"#0","tintindex":0},"east":{"uv":[9.188,12.313,12.625,15.81],"rotation":180,"texture":"#0","tintindex":0},"south":{"uv":[9.188,12.313,12.625,15.81],"rotation":180,"texture":"#0","tintindex":0},"west":{"uv":[9.188,12.313,12.625,15.81],"rotation":180,"texture":"#0","tintindex":0},"up":{"uv":[9.188,12.313,12.625,15.81],"texture":"#0","tintindex":0},"down":{"uv":[0,9.063,3.438,12.498],"texture":"#0","tintindex":0}},"to":[12.49996,6.54462,11.27201],"from":[9.25996,6.50462,8.47201],"rotation":{"angle":0,"axis":"y","origin":[10.87996,6.52462,9.87201]}}],"display":{"head":{"translation":[0,5.6,0],"scale":[4,4,4],"rotation":[0,0,0]}}}